sample,t_sim,sec,nanosec,shoulder_pan_joint_q,shoulder_lift_joint_q,elbow_joint_q,wrist_1_joint_q,wrist_2_joint_q,wrist_3_joint_q,shoulder_pan_joint_qdot,shoulder_lift_joint_qdot,elbow_joint_qdot,wrist_1_joint_qdot,wrist_2_joint_qdot,wrist_3_joint_qdot,shoulder_pan_joint_q_ref,shoulder_lift_joint_q_ref,elbow_joint_q_ref,wrist_1_joint_q_ref,wrist_2_joint_q_ref,wrist_3_joint_q_ref,shoulder_pan_joint_qdot_ref,shoulder_lift_joint_qdot_ref,elbow_joint_qdot_ref,wrist_1_joint_qdot_ref,wrist_2_joint_qdot_ref,wrist_3_joint_qdot_ref,shoulder_pan_joint_tau,shoulder_lift_joint_tau,elbow_joint_tau,wrist_1_joint_tau,wrist_2_joint_tau,wrist_3_joint_tau,compute_ms
0,0,1,723999977,0,-1.5708,1.5709,-1.5709,-1.5708,0,0.0001,-0.0002,0.0527,-0.0609,-0.0001,0,0,-1.57079632679,1.57079632679,-1.57079632679,-1.57079632679,0,0,0,-0,0,0,0,-0.404756021188,-21.7803800943,-28.1147835761,-2.35591296123,0.0287735468593,-0.000255956081743,9.262014
1,0.001999974,1,725999951,0,-1.5708,1.5709,-1.5709,-1.5708,0,0,-0.0001,0.0527,-0.0609,-0.0001,0,4.35988129487e-10,-1.57079632614,1.57079632614,-1.57079632636,-1.57079632636,4.35988129487e-10,6.5382714332e-07,9.8074071498e-07,-9.8074071498e-07,6.5382714332e-07,6.5382714332e-07,6.5382714332e-07,-0.37866872958,-21.8040051631,-28.117387829,-2.35589026966,0.0293934292318,-0.000261381258269,1.236153
2,0.004000067,1,728000044,0,-1.5708,1.5709,-1.5709,-1.5708,0,0,-0.0001,0.0527,-0.0609,-0.0001,0,3.48559966851e-09,-1.57079632157,1.57079632157,-1.57079632331,-1.57079632331,3.48559966851e-09,2.61284794882e-06,3.91927192323e-06,-3.91927192323e-06,2.61284794882e-06,2.61284794882e-06,2.61284794882e-06,-0.37861510759,-21.8010707611,-28.1175738807,-2.35592815153,0.0294215165515,-0.000261151340885,1.324475
3,0.006000042,1,730000019,0,-1.5708,1.5711,-1.5712,-1.5708,0,0,-0.0002,0.1055,-0.1218,-0.0002,0.0001,1.17547278278e-08,-1.57079630916,1.57079630916,-1.57079631504,-1.57079631504,1.17547278278e-08,5.87291011676e-06,8.80936517514e-06,-8.80936517514e-06,5.87291011676e-06,5.87291011676e-06,5.87291011676e-06,-0.773113486328,-23.3783189262,-36.0541360751,-2.89080435507,0.0584139535926,-0.000535158217948,2.183255
4,0.008000016,1,731999993,0,-1.5708,1.5714,-1.5715,-1.5708,0,0,-0.0004,0.1582,-0.1827,-0.0004,0.0001,2.78417261309e-08,-1.57079628503,1.57079628503,-1.57079629895,-1.57079629895,2.78417261309e-08,1.04301711348e-05,1.56452567022e-05,-1.56452567022e-05,1.04301711348e-05,1.04301711348e-05,1.04301711348e-05,-1.16202942032,-24.9285178263,-44.0396760342,-3.43170764015,0.0882825675411,-0.000801716767442,2.646099
5,0.00999999,1,733999967,0,-1.5708,1.5719,-1.572,-1.5708,0,0.0001,-0.0004,0.2108,-0.2437,-0.0005,0.0001,5.43370500765e-08,-1.57079624529,1.57079624529,-1.57079627246,-1.57079627246,5.43370500765e-08,1.62807192143e-05,2.44210788214e-05,-2.44210788214e-05,1.62807192143e-05,1.62807192143e-05,1.62807192143e-05,-1.57462955823,-26.5465493472,-52.1507747004,-3.98042133526,0.11761411651,-0.00106543877787,2.311465
6,0.011999964,1,735999941,0,-1.5708,1.5722,-1.5724,-1.5708,0,0.0021,0.0077,0.178,-0.1796,-0.0005,0.0002,9.38233303917e-08,-1.57079618606,1.57079618606,-1.57079623297,-1.57079623297,9.38233303917e-08,2.34206451884e-05,3.51309677825e-05,-3.51309677825e-05,2.34206451884e-05,2.34206451884e-05,2.34206451884e-05,-1.6499670335,-27.5083094835,-48.1276624623,-3.87737373845,0.0845114474643,-0.000775365438172,2.540938
7,0.014000058,1,738000035,0,-1.5707,1.5725,-1.5726,-1.5708,0,0.0046,0.016,0.1453,-0.1156,-0.0003,0.0002,1.48879205056e-07,-1.57079610348,1.57079610348,-1.57079617792,-1.57079617792,1.48879205056e-07,3.18465878364e-05,4.77698817545e-05,-4.77698817545e-05,3.18465878364e-05,3.18465878364e-05,3.18465878364e-05,-1.83770488019,-28.6352329439,-44.1628300047,-3.78432220159,0.0470945787365,-0.00043725190716,2.239792
8,0.016000032,1,740000009,0,-1.5707,1.5727,-1.5727,-1.5708,0,0.0062,0.0241,0.1125,-0.0517,0,0.0001,2.22065205764e-07,-1.5707959937,1.5707959937,-1.57079610473,-1.57079610473,2.22065205764e-07,4.15536345844e-05,6.23304518766e-05,-6.23304518766e-05,4.15536345844e-05,4.15536345844e-05,4.15536345844e-05,-1.83990478362,-29.6006047149,-40.0820031755,-3.68131940568,0.0151009196069,-0.000138332296078,2.211306
9,0.018000006,1,741999983,0.0001,-1.5706,1.5728,-1.5726,-1.5708,0,0.0103,0.0405,0.0466,0.0772,0.0002,0.0001,3.15943353925e-07,-1.57079585288,1.57079585288,-1.57079601085,-1.57079601085,3.15943353925e-07,5.25383550534e-05,7.88075325801e-05,-7.88075325801e-05,5.25383550534e-05,5.25383550534e-05,5.25383550534e-05,-2.11350750277,-31.6319928086,-31.7195728039,-3.46624248804,-0.0577125054366,0.000522811653593,3.594732
10,0.019999981,1,743999958,0.0001,-1.5705,1.5727,-1.572,-1.5708,0,0.0165,0.0652,-0.0526,0.2709,0.0006,0,4.33065134494e-07,-1.5707956772,1.5707956772,-1.57079589373,-1.57079589373,4.33065134494e-07,6.47968622309e-05,9.71952933464e-05,-9.71952933464e-05,6.47968622309e-05,6.47968622309e-05,6.47968622309e-05,-2.368890589,-34.6133774259,-18.9510815166,-3.13231857357,-0.163672346314,0.00149418344102,2.239010
11,0.022000074,1,746000051,0.0001,-1.5703,1.5723,-1.571,-1.5708,0,0.0248,0.0984,-0.1855,0.5307,0.0011,-0.0001,5.7598338943e-07,-1.57079546282,1.57079546282,-1.57079575081,-1.57079575081,5.7598338943e-07,7.83260969786e-05,0.000117489145468,-0.000117489145468,7.83260969786e-05,7.83260969786e-05,7.83260969786e-05,-2.70619013581,-38.6803908249,-1.68304132213,-2.6724240835,-0.306913378087,0.0028032099285,2.271541
12,0.024000048,1,748000025,0.0002,-1.57,1.5717,-1.5695,-1.5708,0,0.0307,0.1248,-0.2958,0.7272,0.0016,-0.0002,7.47217152525e-07,-1.57079520597,1.57079520597,-1.57079557958,-1.57079557958,7.47217152525e-07,9.31205694053e-05,0.000139680854108,-0.000139680854108,9.31205694053e-05,9.31205694053e-05,9.31205694053e-05,-2.79523877101,-41.883109754,13.1142267424,-2.13919921064,-0.422819356018,0.00386403652434,1.248291
13,0.026000023,1,750000000,0.0003,-1.5697,1.571,-1.5678,-1.5708,0,0.034,0.1441,-0.3834,0.8598,0.002,-0.0004,9.49302338407e-07,-1.57079490284,1.57079490284,-1.57079537749,-1.57079537749,9.49302338407e-07,0.000109177173386,0.000163765760079,-0.000163765760079,0.000109177173386,0.000109177173386,0.000109177173386,-2.64555687289,-44.126418266,25.2964253817,-1.53870407032,-0.509986521492,0.00467894599097,1.276020
14,0.027999997,1,751999974,0.0003,-1.5694,1.5701,-1.5659,-1.5708,0,0.0351,0.1568,-0.4481,0.928,0.0022,-0.0004,1.18475908129e-06,-1.57079454966,1.57079454966,-1.57079514204,-1.57079514204,1.18475908129e-06,0.00012649201511,0.000189738022665,-0.000189738022665,0.00012649201511,0.00012649201511,0.00012649201511,-2.18274910906,-45.5051618346,34.944021909,-0.857258406509,-0.567210561589,0.00520051746794,1.342581
15,0.029999971,1,753999948,0.0004,-1.5691,1.5692,-1.5642,-1.5708,0,0.0309,0.1548,-0.4654,0.8649,0.0021,-0.0004,1.45610005806e-06,-1.57079414264,1.57079414264,-1.57079487069,-1.57079487069,1.45610005806e-06,0.000145061228466,0.000217591842699,-0.000217591842699,0.000145061228466,0.000145061228466,0.000145061228466,-1.22947710808,-44.8658178702,39.0891021401,-0.0364993243815,-0.564091923785,0.00518071561671,1.301271
16,0.032000064,1,756000041,0.0004,-1.5689,1.5683,-1.563,-1.5708,0,0.0194,0.1312,-0.4108,0.6023,0.0016,-0.0003,1.76584972977e-06,-1.57079367802,1.57079367802,-1.57079456095,-1.57079456095,1.76584972977e-06,0.000164882159971,0.000247323239957,-0.000247323239957,0.000164882159971,0.000164882159971,0.000164882159971,0.571526228263,-41.235816286,34.8990745306,1.0053784518,-0.467155850466,0.00430443398464,1.349889
17,0.034000039,1,758000016,0.0004,-1.5687,1.5678,-1.5628,-1.5708,0,-0.0024,0.0784,-0.259,0.0713,0.0007,0,2.11646865184e-06,-1.57079315209,1.57079315209,-1.57079421033,-1.57079421033,2.11646865184e-06,0.000185948595726,0.000278922893589,-0.000278922893589,0.000185948595726,0.000185948595726,0.000185948595726,3.41389547869,-33.8387837933,19.1310894751,2.31400620212,-0.24645989667,0.00228656632205,2.302463
18,0.036000013,1,759999990,0.0004,-1.5687,1.5678,-1.5642,-1.5708,0,-0.0323,0.0007,-0.0269,-0.667,-0.0007,0.0004,2.51046311303e-06,-1.5707925611,1.5707925611,-1.57079381633,-1.57079381633,2.51046311303e-06,0.000208257794743,0.000312386692115,-0.000312386692115,0.000208257794743,0.000208257794743,0.000208257794743,7.11810855253,-22.788278033,-6.36659491081,3.75025950527,0.0817947818735,-0.000711165966373,2.643615
19,0.037999987,1,761999964,0.0002,-1.5689,1.5683,-1.5673,-1.5708,0,-0.0684,-0.096,0.2674,-1.5491,-0.0021,0.0011,2.95031493416e-06,-1.57079190132,1.57079190132,-1.57079337648,-1.57079337648,2.95031493416e-06,0.000231805909127,0.000347708863691,-0.000347708863691,0.000231805909127,0.000231805909127,0.000231805909127,11.6069856155,-8.98499321704,-39.6688780215,5.16515726525,0.497582105982,-0.00454573368989,2.183855
20,0.040000081,1,764000058,0,-1.5693,1.5695,-1.5723,-1.5708,0,-0.1086,-0.2066,0.6059,-2.5113,-0.003,0.0016,3.43852884974e-06,-1.570791169,1.570791169,-1.57079288827,-1.57079288827,3.43852884974e-06,0.000256590608674,0.000384885913011,-0.000384885913011,0.000256590608674,0.000256590608674,0.000256590608674,16.4186096973,6.9322334952,-78.9747912111,6.39292344033,0.972311238602,-0.00890436156397,2.355938
21,0.042000055,1,766000032,-0.0003,-1.5699,1.5713,-1.5786,-1.5708,0,-0.1494,-0.3163,0.9155,-3.1299,0.0011,0.0011,3.9775126393e-06,-1.57079036053,1.57079036053,-1.57079234928,-1.57079234928,3.9775126393e-06,0.000282605068902,0.000423907603354,-0.000423907603354,0.000282605068902,0.000282605068902,0.000282605068902,21.4418996686,24.0836015715,-118.095912034,5.5630629813,1.45904998481,-0.0133831044967,1.341803
22,0.044000029,1,768000006,-0.0006,-1.5707,1.5736,-1.5848,-1.5708,0,-0.1843,-0.4081,1.1303,-3.1309,0.011,-0.0006,4.56975266205e-06,-1.57078947217,1.57078947217,-1.57079175704,-1.57079175704,4.56975266205e-06,0.000309846893474,0.00046477034021,-0.00046477034021,0.000309846893474,0.000309846893474,0.000309846893474,26.0040788536,40.4230967239,-149.999999286,1.81080693717,1.88515348486,-0.0173217182165,5.057258
23,0.046000003,1,769999980,-0.001,-1.5717,1.5762,-1.5911,-1.5708,0,-0.2027,-0.4701,1.2807,-3.1374,0.0148,-0.0011,5.21769977175e-06,-1.57078850025,1.57078850025,-1.5707911091,-1.5707911091,5.21769977175e-06,0.000338312239977,0.000507468359965,-0.000507468359965,0.000338312239977,0.000338312239977,0.000338312239977,29.8943631565,62.58795218,-149.999990074,1.83810381633,2.13125312618,-0.0196187901941,20.444725
24,0.050000071,1,774000048,-0.0018,-1.5735,1.5806,-1.5981,-1.5707,0,-0.1623,-0.419,0.9831,-0.9968,0.0188,-0.0025,6.6905281388e-06,-1.570786291,1.570786291,-1.57078963627,-1.57078963627,6.6905281388e-06,0.00039890003925,0.000598350058875,-0.000598350058875,0.00039890003925,0.00039890003925,0.00039890003925,22.7247405979,54.6280898051,-149.99999702,-11.0296441072,1.92459652652,-0.0177445968554,8.444660
25,0.05400002,1,777999997,-0.0019,-1.5742,1.5812,-1.5888,-1.5707,0,0.0161,-0.0789,-0.1545,3.1351,-0.0084,0.0006,8.41536367663e-06,-1.57078370375,1.57078370375,-1.57078791143,-1.57078791143,8.41536367663e-06,0.000464334186963,0.000696501280445,-0.000696501280445,0.000464334186963,0.000464334186963,0.000464334186963,-3.50301006616,10.0150281082,-35.3218372802,-22.6230683109,0.300427531705,-0.00275593832417,5.507250
26,0.057999968,1,781999945,-0.001,-1.573,1.5774,-1.5763,-1.571,0.0001,0.3058,0.4111,-1.2165,3.129,-0.116,0.0229,1.04115769605e-05,-1.57078070943,1.57078070943,-1.57078591522,-1.57078591522,1.04115769605e-05,0.000534585797049,0.000801878695574,-0.000801878695574,0.000534585797049,0.000534585797049,0.000534585797049,-49.0987001554,-75.9467154698,116.628142694,-4.16582089658,-2.34242831555,0.0212728677334,2.296460
27,0.060000062,1,784000039,-0.0001,-1.5717,1.5739,-1.5701,-1.5714,0.0001,0.4499,0.6565,-1.7492,3.1258,-0.1666,0.0337,1.15175264357e-05,-1.57077905051,1.57077905051,-1.57078480927,-1.57078480927,1.15175264357e-05,0.000571510862946,0.000857266294419,-0.000857266294419,0.000571510862946,0.000571510862946,0.000571510862946,-76.5595130481,-139.058445397,149.999996966,0.165958754415,-3.65118544568,0.0332105871832,4.613627
28,0.062000036,1,786000013,0.0011,-1.5699,1.5693,-1.5638,-1.5718,0.0002,0.5929,0.9025,-2.2845,3.1255,-0.2145,0.0438,1.26984501161e-05,-1.57077727912,1.57077727912,-1.57078362834,-1.57078362834,1.26984501161e-05,0.00060962667286,0.00091444000929,-0.00091444000929,0.00060962667286,0.00060962667286,0.00060962667286,-116.680038331,-149.999990818,149.999991807,-0.216446937517,-4.76591439692,0.0433742255857,33.690330
29,0.06400001,1,787999987,0.0026,-1.5677,1.564,-1.5576,-1.572,0.0003,0.7227,1.112,-2.6617,3.1084,-0.1083,0.0227,1.39567941605e-05,-1.5707753916,1.5707753916,-1.57078237,-1.57078237,1.39567941605e-05,0.000648931599258,0.000973397398887,-0.000973397398887,0.000648931599258,0.000648931599258,0.000648931599258,-150.000007563,-150.00002518,150.000009626,-0.613745778107,-5.9413588614,0.0544581757679,48.607333
30,0.088000059,1,812000036,0.0099,-1.5516,1.5387,-1.5862,-1.5394,-0.0057,-1.2464,-1.0797,2.4912,-3.0273,2.392,-0.397,3.59528354506e-05,-1.57074239754,1.57074239754,-1.57076037396,-1.57076037396,3.59528354506e-05,0.00121197110868,0.00181795666302,-0.00181795666302,0.00121197110868,0.00121197110868,0.00121197110868,149.999994023,149.999996995,-149.999997404,0.807498679443,0.823297607028,-0.0128455410165,112.774797
31,0.126000046,1,850000023,-0.099,-1.6436,1.649,-1.5504,-1.5978,0.0477,-3.1421,-2.9764,2.8722,3.021,-3.1416,3.1416,0.000104013508341,-1.57064030653,1.57064030653,-1.57069231329,-1.57069231329,0.000104013508341,0.00243662834011,0.00365494251016,-0.00365494251016,0.00243662834011,0.00243662834011,0.00243662834011,149.999963289,149.999981753,-150.000000041,-28.0000000009,12.9613659077,-0.478987619513,73.076525
32,0.146000027,1,870000004,-0.1505,-1.6953,1.6933,-1.4881,-1.66,0.1087,-0.8459,-1.237,0.1339,3.1069,-2.9853,2.9341,0.000160583154411,-1.57055545206,1.57055545206,-1.57063574364,-1.57063574364,0.000160583154411,0.00323785911636,0.00485678867454,-0.00485678867454,0.00323785911636,0.00323785911636,0.00323785911636,150.000110789,149.999968981,-63.8419641211,-28.0000529029,12.8571207539,-0.48238898766,31.975923
33,0.157999992,1,881999969,-0.138,-1.6925,1.6695,-1.4506,-1.6967,0.1441,2.3297,1.0975,-2.9654,3.1063,-3.0253,2.9456,0.000202583825791,-1.57049245106,1.57049245106,-1.57059374297,-1.57059374297,0.000202583825791,0.00376840450342,0.00565260675513,-0.00565260675513,0.00376840450342,0.00376840450342,0.00376840450342,-150.000000759,-150.000000094,149.999999975,-3.35721184235,1.40472068247,-0.392986982741,86.558427
34,0.190000057,1,914000034,-0.0381,-1.6133,1.571,-1.533,-1.6146,0.0604,3.0271,3.0622,-3.0109,-3.1411,3.1319,-3.1409,0.00034795250606,-1.57027439804,1.57027439804,-1.57044837429,-1.57044837429,0.00034795250606,0.00535902844435,0.00803854266652,-0.00803854266652,0.00535902844435,0.00535902844435,0.00535902844435,-149.999988636,-149.999986573,146.540654915,27.9999956248,-12.3266150192,0.417862013518,117.173860
35,0.223999977,1,947999954,0.0084,-1.5608,1.5604,-1.6327,-1.5094,-0.0458,-1.5289,-0.6419,2.7793,-1.6377,3.0764,-3.0704,0.000562675464855,-1.5699523136,1.5699523136,-1.57023365133,-1.57023365133,0.000562675464855,0.00731625081263,0.0109743762189,-0.0109743762189,0.00731625081263,0.00731625081263,0.00731625081263,149.999994278,149.99999969,-149.999999712,-5.98286179119,-0.861107731416,0.353902351673,116.293012
36,0.269999981,1,993999958,-0.1304,-1.6598,1.6986,-1.5282,-1.5807,0.0191,-3.1424,-2.9654,3.0782,3.0904,-3.1416,3.1416,0.00096777967269,-1.56934465729,1.56934465729,-1.56982854712,-1.56982854712,0.00096777967269,0.0103722695995,0.0155584043993,-0.0155584043993,0.0103722695995,0.0103722695995,0.0103722695995,150.000013892,150.000157273,-150.000032262,-28.0000012554,12.8080334052,-0.460830685184,93.041115
37,0.298000097,2,22000074,-0.1763,-1.7126,1.7375,-1.4408,-1.6674,0.1035,1.5105,0.5276,-2.2134,3.0959,-2.9532,2.9239,0.00128687682476,-1.56886601156,1.56886601156,-1.56950944997,-1.56950944997,0.00128687682476,0.0124461284355,0.0186691926532,-0.0186691926532,0.0124461284355,0.0124461284355,0.0124461284355,-122.698473876,72.5990407589,149.999992309,-5.55965243241,3.19111801609,-0.385897986987,47.036595
38,0.318000078,2,42000055,-0.1171,-1.6754,1.6781,-1.4498,-1.673,0.1155,3.1419,2.583,-3.0753,-3.0474,3.1416,-3.1416,0.00155141357769,-1.56846920643,1.56846920643,-1.56924491322,-1.56924491322,0.00155141357769,0.0140200855695,0.0210301283542,-0.0210301283542,0.0140200855695,0.0140200855695,0.0140200855695,-149.99997013,-149.999981535,144.707737939,27.9999999041,-11.8164018899,0.388422762899,75.438415
39,0.342000007,2,65999984,-0.0577,-1.6098,1.6249,-1.5243,-1.5994,0.0411,0.9414,2.1616,-0.0201,-3.0964,2.9926,-3.0559,0.00191151333865,-1.56792905679,1.56792905679,-1.56888481346,-1.56888481346,0.00191151333865,0.0160054648455,0.0240081972682,-0.0240081972682,0.0160054648455,0.0160054648455,0.0160054648455,-149.999980798,-149.999993586,7.61113197292,20.7431494328,-11.4451935941,0.412714108797,61.483273
40,0.351999998,2,75999975,-0.0575,-1.5922,1.64,-1.5554,-1.5694,0.0106,-0.5976,1.4977,2.5197,-3.1162,3.0013,-3.0493,0.0020758390335,-1.56768256824,1.56768256824,-1.56872048776,-1.56872048776,0.0020758390335,0.0168625652481,0.0252938478722,-0.0252938478722,0.0168625652481,0.0168625652481,0.0168625652481,149.999984162,-150.000009642,-149.999991617,4.77966589837,-2.0784908522,0.340084890871,106.220649
41,0.390000105,2,114000082,-0.1583,-1.581,1.7533,-1.4654,-1.6569,0.0964,-3.142,-0.6765,2.9394,3.0472,-3.1416,3.1416,0.00278063543978,-1.56662537364,1.56662537364,-1.56801569136,-1.56801569136,0.00278063543978,0.0202708746361,0.0304063119541,-0.0304063119541,0.0202708746361,0.0202708746361,0.0202708746361,149.999999941,149.999999799,-150.000000128,-27.9999999979,13.5867036524,-0.502718106108,47.543456
42,0.414000034,2,138000011,-0.2179,-1.6069,1.8092,-1.391,-1.7291,0.1711,-0.9338,-1.0348,0.8174,3.1202,-2.8588,3.0699,0.00329418945097,-1.56585504262,1.56585504262,-1.56750213734,-1.56750213734,0.00329418945097,0.022539795795,0.0338096936925,-0.0338096936925,0.022539795795,0.022539795795,0.022539795795,149.999881693,150.000018698,-77.3811288679,-28.0000874736,13.3589557728,-0.532492048533,94.760846
43,0.446000099,2,170000076,-0.1577,-1.6003,1.7485,-1.3951,-1.7078,0.1506,3.142,1.7522,-3.0653,-3.0074,3.1416,-3.1416,0.00406555412537,-1.56469799561,1.56469799561,-1.56673077267,-1.56673077267,0.00406555412537,0.0256940990692,0.0385411486037,-0.0385411486037,0.0256940990692,0.0256940990692,0.0256940990692,-150.000062871,-150.000054637,140.222874259,28.0000269604,-11.4299613335,0.371005565724,50.149976
44,0.456000089,2,180000066,-0.1262,-1.5785,1.7175,-1.4255,-1.6764,0.1192,3.1416,2.3841,-3.0802,-3.0166,3.14,-3.1412,0.00432755485657,-1.56430499451,1.56430499451,-1.56646877194,-1.56646877194,0.00432755485657,0.0267082800145,0.0400624200217,-0.0400624200217,0.0267082800145,0.0267082800145,0.0267082800145,-149.999993428,-149.999983175,144.267510972,27.9999990316,-11.7094227608,0.389375999837,62.474379
45,0.477999925,2,201999902,-0.0705,-1.5245,1.6656,-1.4526,-1.6584,0.1033,0.8924,1.1779,-0.2449,3.1245,-2.7962,3.0632,0.00494005811737,-1.56338623962,1.56338623962,-1.56585626868,-1.56585626868,0.00494005811737,0.0289843149394,0.043476472409,-0.043476472409,0.0289843149394,0.0289843149394,0.0289843149394,-94.5393998104,-150.000009263,-71.0645577502,-27.9999744213,3.69768370935,-0.408166752328,140.614046
46,0.528000116,2,252000093,-0.1907,-1.6052,1.8061,-1.2969,-1.812,0.2596,-3.1423,-2.9077,3.0586,3.0717,-3.1416,3.1416,0.00652271521374,-1.56101225397,1.56101225397,-1.56427361158,-1.56427361158,0.00652271521374,0.0343681457306,0.0515522185959,-0.0515522185959,0.0343681457306,0.0343681457306,0.0343681457306,149.999970332,149.999915571,-149.997939081,-27.999996407,15.0245662861,-0.5918790116,36.984807
47,0.542000055,2,266000032,-0.2348,-1.6474,1.8491,-1.2574,-1.8509,0.2957,-2.9627,-2.9929,2.8878,1.1045,-1.1366,-0.5933,0.00701473099354,-1.5602742303,1.5602742303,-1.5637815958,-1.5637815958,0.00701473099354,0.0359233878002,0.0538850817003,-0.0538850817003,0.0359233878002,0.0359233878002,0.0359233878002,150.000007276,149.999968862,-150.00000483,-28.0000000027,11.170606204,-0.137189083975,40.947328
48,0.549999952,2,273999929,-0.2599,-1.6719,1.8702,-1.2773,-1.8328,0.2739,-3.0352,-3.05,2.3594,-2.8905,1.8699,-2.6297,0.00730569955316,-1.55983777747,1.55983777747,-1.56349062724,-1.56349062724,0.00730569955316,0.0368207106921,0.0552310660382,-0.0552310660382,0.0368207106921,0.0368207106921,0.0368207106921,149.999998977,150.000095374,-150.000029796,-6.65366165798,4.55563171842,0.127545472259,45.813228
49,0.57400012,2,298000097,-0.2691,-1.6984,1.8547,-1.3451,-1.7746,0.2015,2.6795,1.0193,-3.1354,-3.1285,2.6396,-3.0224,0.00822202969899,-1.55846328225,1.55846328225,-1.5625742971,-1.5625742971,0.00822202969899,0.0395482539808,0.0593223809711,-0.0593223809711,0.0395482539808,0.0395482539808,0.0395482539808,-149.999918475,-77.5389639339,134.234970033,28.0000322748,-9.27654867743,0.328847086611,25.931552
50,0.575999975,2,299999952,-0.2629,-1.6958,1.8484,-1.3513,-1.7691,0.1953,3.1115,1.2599,-3.1386,-3.1381,2.7649,-3.0196,0.00830134997676,-1.55834430183,1.55834430183,-1.56249497682,-1.56249497682,0.00830134997676,0.0397778319662,0.0596667479493,-0.0596667479493,0.0397778319662,0.0397778319662,0.0397778319662,-149.999996166,-150.000000472,125.639648194,27.9999968651,-9.98045989161,0.335458073675,85.257463
51,0.605999946,2,329999923,-0.2149,-1.6613,1.7998,-1.3468,-1.77,0.2095,-1.4447,-0.5549,1.709,3.0717,-2.8264,3.0353,0.00954675267293,-1.55647619779,1.55647619779,-1.56124957412,-1.56124957412,0.00954675267293,0.0432610964141,0.0648916446212,-0.0648916446212,0.0432610964141,0.0432610964141,0.0432610964141,149.999994125,149.999998386,-107.996835948,-27.9999970045,13.9003024782,-0.545036817973,129.596409
52,0.65199995,2,375999927,-0.3555,-1.7629,1.9395,-1.2048,-1.9124,0.3534,-2.9876,-2.9972,3.0492,3.0816,-3.1416,3.1416,0.0116619997463,-1.55330332718,1.55330332718,-1.55913432705,-1.55913432705,0.0116619997463,0.0487298077284,0.0730947115926,-0.0730947115926,0.0487298077284,0.0487298077284,0.0487298077284,149.999993891,149.999994203,-149.999999328,-28.0000000007,15.9365231105,-0.639935566472,142.290636
53,0.702000141,2,426000118,-0.3251,-1.7777,1.9498,-1.2582,-1.8494,0.2762,2.7126,2.875,-3.0977,-3.0442,3.1415,-3.1338,0.0142501120935,-1.54942115865,1.54942115865,-1.5565462147,-1.5565462147,0.0142501120935,0.054815619358,0.082223429037,-0.082223429037,0.054815619358,0.054815619358,0.054815619358,-149.999966284,-149.999985895,136.971355605,27.9999950476,-10.0715264911,0.308847399587,146.378021
54,0.752000093,2,476000070,-0.1674,-1.6226,1.793,-1.4145,-1.6928,0.1193,3.0027,3.0364,-3.0796,-3.1245,3.1358,-3.1416,0.0171453665016,-1.54507827704,1.54507827704,-1.55365096029,-1.55365096029,0.0171453665016,0.0610093595816,0.0915140393724,-0.0915140393724,0.0610093595816,0.0610093595816,0.0610093595816,-149.999939416,-149.99997275,125.987960974,27.9999956847,-11.2761719573,0.401180074197,41.216018
55,0.766000032,2,490000009,-0.1233,-1.5792,1.749,-1.4583,-1.6488,0.0753,3.023,3.0384,-3.0761,-3.1317,3.1364,-3.1416,0.0180117255738,-1.54377873843,1.54377873843,-1.55278460122,-1.55278460122,0.0180117255738,0.0627575902682,0.0941363854023,-0.0941363854023,0.0627575902682,0.0627575902682,0.0627575902682,-149.999924329,-149.999949268,124.774895027,28.0000088614,-11.6343254928,0.426910339428,20.559131
56,0.768000125,2,492000102,-0.1178,-1.5739,1.7438,-1.4615,-1.6464,0.0733,2.5533,2.6572,-2.5836,-1.5816,1.1871,-1.0236,0.0181374967385,-1.54359008169,1.54359008169,-1.55265883006,-1.55265883006,0.0181374967385,0.0630077415996,0.0945116123995,-0.0945116123995,0.0630077415996,0.0630077415996,0.0630077415996,-150.000076494,-150.000023337,149.999960238,26.8415207887,-7.73678906017,0.16365784285,38.715393
57,0.792000055,2,516000032,-0.1261,-1.5668,1.768,-1.3962,-1.7112,0.1434,-2.6482,-1.2943,3.0555,3.1256,-3.0926,3.0568,0.019685752611,-1.54126769788,1.54126769788,-1.55111057418,-1.55111057418,0.019685752611,0.0660157845863,0.0990236768795,-0.0990236768795,0.0660157845863,0.0660157845863,0.0660157845863,149.999984606,150.000003774,-150.000005196,-27.9999999976,14.2670171953,-0.502231660343,84.701475
58,0.818000078,2,542000055,-0.2076,-1.6227,1.847,-1.3157,-1.7928,0.225,-3.1423,-2.7681,3.0451,3.0514,-3.1416,3.1416,0.0214446399977,-1.5386293668,1.5386293668,-1.5493516868,-1.5493516868,0.0214446399977,0.0692844351746,0.103926652762,-0.103926652762,0.0692844351746,0.0692844351746,0.0692844351746,150.000007266,150.000089457,-150.000034805,-27.9999998596,15.0516742199,-0.558041599642,90.338809
59,0.845999956,2,569999933,-0.2541,-1.6765,1.8969,-1.306,-1.794,0.218,1.5348,0.3674,-1.2517,-2.7846,2.4628,-2.9928,0.0234339504721,-1.53564540109,1.53564540109,-1.54736237632,-1.54736237632,0.0234339504721,0.0728102852238,0.109215427836,-0.109215427836,0.0728102852238,0.0728102852238,0.0728102852238,-59.8749443816,68.2537836318,-65.1436566825,2.82505413733,-3.68248450322,0.285145137306,17.665908
60,0.855999946,2,579999923,-0.2257,-1.6616,1.87,-1.3348,-1.7662,0.187,2.8401,1.9181,-3.011,-2.8745,3.1362,-3.1416,0.0241683503437,-1.53454380128,1.53454380128,-1.54662797645,-1.54662797645,0.0241683503437,0.0740698091344,0.111104713702,-0.111104713702,0.0740698091344,0.0740698091344,0.0740698091344,-150.000015757,-150.000016076,128.387786574,28.0000767977,-10.5831150454,0.368818252476,4.710846
61,0.85800004,2,582000017,-0.2194,-1.6574,1.8639,-1.3407,-1.7599,0.1807,2.9353,2.0749,-3.0337,-2.918,3.1387,-3.1416,0.0243167488282,-1.53432120355,1.53432120355,-1.54647957797,-1.54647957797,0.0243167488282,0.0743216987895,0.111482548184,-0.111482548184,0.0743216987895,0.0743216987895,0.0743216987895,-149.999968058,-149.999978711,127.035923097,27.9999949198,-10.6244902291,0.372459162628,28.535737
62,0.861999988,2,585999965,-0.2068,-1.6479,1.8514,-1.3527,-1.7473,0.1681,3.1416,2.3993,-3.0937,-2.9755,3.1348,-3.1408,0.0246150391754,-1.53387376803,1.53387376803,-1.54618128762,-1.54618128762,0.0246150391754,0.0748254026801,0.11223810402,-0.11223810402,0.0748254026801,0.0748254026801,0.0748254026801,-149.999973406,-149.999975213,126.153033772,27.99999484,-10.6981032888,0.379773821741,36.722118
63,0.874000072,2,598000049,-0.1736,-1.6168,1.8167,-1.3768,-1.729,0.1569,1.8219,2.1159,-2.2105,0.7569,-2.4348,2.9907,0.0255220149907,-1.53251330431,1.53251330431,-1.5452743118,-1.5452743118,0.0255220149907,0.0763360222004,0.114504033301,-0.114504033301,0.0763360222004,0.0763360222004,0.0763360222004,-150.000004985,-150.000000748,88.3904074143,3.47663590699,1.16653414326,-0.386338998371,68.356906
64,0.894000053,2,618000030,-0.1929,-1.6159,1.8357,-1.3159,-1.7848,0.2183,-3.118,-1.4491,3.038,3.1156,-3.0965,3.0252,0.0270738898966,-1.53018549195,1.53018549195,-1.5437224369,-1.5437224369,0.0270738898966,0.0788508970362,0.118276345554,-0.118276345554,0.0788508970362,0.0788508970362,0.0788508970362,149.999994117,149.999998951,-149.99999816,-28.0000000002,14.9801358205,-0.534658644175,152.762704
65,0.956000089,2,680000066,-0.3879,-1.7855,2.0173,-1.1227,-1.7728,0.133,-2.9651,-3.021,2.8619,3.1214,1.2336,-2.3937,0.032203401661,-1.5224912243,1.5224912243,-1.53859292513,-1.53859292513,0.032203401661,0.086603171683,0.129904757524,-0.129904757524,0.086603171683,0.086603171683,0.086603171683,149.999999853,149.999982897,-149.99999626,-28.000000002,5.67304828091,0.202530318,85.419687
66,0.982000112,2,706000089,-0.4242,-1.84,2.0666,-1.1077,-1.7168,0.0593,2.4437,0.0946,-0.6043,-2.7605,2.2039,-3.0573,0.0344969995539,-1.51905082746,1.51905082746,-1.53629932724,-1.53629932724,0.0344969995539,0.0898235416023,0.134735312403,-0.134735312403,0.0898235416023,0.0898235416023,0.0898235416023,-51.6937010256,149.999998302,-150.000000062,-12.6006863003,-2.39841790529,0.38367022865,149.700590
67,1.022000074,2,746000051,-0.2984,-1.7446,1.9519,-1.2246,-1.5933,0.0816,2.9525,3.0379,-3.0682,-3.1102,3.1309,2.4583,0.0381882542083,-1.51351394548,1.51351394548,-1.53260807259,-1.53260807259,0.0381882542083,0.0947283300076,0.142092495011,-0.142092495011,0.0947283300076,0.0947283300076,0.0947283300076,-149.999985124,-150.000009326,130.167285154,27.9999978134,-12.053984861,-0.284995626526,90.231959
68,1.054000139,2,778000116,-0.2162,-1.6451,1.8519,-1.3248,-1.5503,0.1712,1.5868,3.0797,-3.0927,-3.141,-1.8791,2.8973,0.0412816450886,-1.50887385916,1.50887385916,-1.52951468171,-1.52951468171,0.0412816450886,0.0985996655159,0.147899498274,-0.147899498274,0.0985996655159,0.0985996655159,0.0985996655159,-62.3527662052,-149.999944209,119.016927222,27.9999544963,0.780522437935,-0.396211373195,67.400612
69,1.085999965,2,809999942,-0.2377,-1.5871,1.812,-1.3185,-1.6423,0.1579,-3.0005,-0.4285,2.4744,2.8751,-3.1416,-2.1734,0.0444980336149,-1.50404927637,1.50404927637,-1.52629829318,-1.52629829318,0.0444980336149,0.102415900789,0.153623851183,-0.153623851183,0.102415900789,0.102415900789,0.102415900789,150.000061268,150.000002415,-149.99999155,-27.9999999236,14.0220096096,0.184483033999,93.788130
70,1.11800003,2,842000007,-0.3382,-1.6397,1.9082,-1.2202,-1.7097,0.0724,-3.0289,-2.5892,3.026,3.083,-1.2223,-2.6439,0.0478355851795,-1.49904294903,1.49904294903,-1.52296074162,-1.52296074162,0.0478355851795,0.10616961333,0.159254419995,-0.159254419995,0.10616961333,0.10616961333,0.10616961333,150.000072237,149.999918227,-150.000073169,-27.9999999704,10.5379022247,0.291586737654,29.329009
71,1.120000124,2,844000101,-0.3445,-1.6451,1.9144,-1.214,-1.7109,0.067,-3.0239,-2.7031,3.0461,3.0847,-1.1286,-2.645,0.0480481668169,-1.49872407657,1.49872407657,-1.52274815998,-1.52274815998,0.0480481668169,0.106401987664,0.159602981496,-0.159602981496,0.106401987664,0.106401987664,0.106401987664,150.000002829,149.999999706,-149.999999935,-28.0000000001,10.3481244536,0.294713380977,32.772203
72,1.140000105,2,864000082,-0.3889,-1.6925,1.962,-1.1928,-1.6901,0.0578,-0.015,-0.9526,0.6439,-2.8763,2.3731,2.8426,0.0501993342673,-1.49549732539,1.49549732539,-1.52059699253,-1.52059699253,0.0501993342673,0.108710245968,0.163065368952,-0.163065368952,0.108710245968,0.108710245968,0.108710245968,149.999961836,149.999998706,-150.000002196,-8.0975735852,2.89992150312,-0.421595487568,13.100545
73,1.148000002,2,871999979,-0.3763,-1.6913,1.9552,-1.2158,-1.6711,0.0804,2.5242,0.8352,-1.7669,-2.8931,2.392,2.8328,0.051072669044,-1.49418732323,1.49418732323,-1.51972365775,-1.51972365775,0.051072669044,0.109625473126,0.164438209689,-0.164438209689,0.109625473126,0.109625473126,0.109625473126,-117.406689853,34.8257711782,-74.2251233452,1.25088775112,-6.15650990656,-0.350664060724,55.222413
74,1.160000085,2,884000062,-0.3387,-1.6691,1.9202,-1.2501,-1.6349,0.112,2.8839,2.3025,-3.0973,-2.8464,3.1416,2.4988,0.0523963781285,-1.4922017596,1.4922017596,-1.51839994867,-1.51839994867,0.0523963781285,0.110989362661,0.166484043991,-0.166484043991,0.110989362661,0.110989362661,0.110989362661,-149.999974905,-149.999983744,131.600534933,28.0000283856,-11.5361137683,-0.296724154255,4.838911
75,1.16199994,2,885999917,-0.3324,-1.6642,1.914,-1.2559,-1.6289,0.1108,2.8937,2.441,-3.0562,-2.836,3.1416,-0.7294,0.0526185670236,-1.49186847626,1.49186847626,-1.51817775977,-1.51817775977,0.0526185670236,0.111215590787,0.16682338618,-0.16682338618,0.111215590787,0.111215590787,0.111215590787,-149.999957087,-149.999953875,131.35253438,27.9999935581,-11.5690478854,0.121531864453,22.063037
76,1.174000024,2,898000001,-0.2952,-1.6297,1.8767,-1.2901,-1.5954,0.0732,2.6826,2.9973,-3.1357,-2.3847,1.8664,-3.1318,0.053961280324,-1.48985440631,1.48985440631,-1.51683504647,-1.51683504647,0.053961280324,0.112566504579,0.168849756868,-0.168849756868,0.112566504579,0.112566504579,0.112566504579,-149.999973127,-149.99988287,149.999978906,28.0000085426,-9.25319187486,0.461095082781,22.578751
77,1.181999921,2,905999898,-0.2842,-1.6131,1.8609,-1.2794,-1.6127,0.051,0.5514,1.4939,-1.1988,3.1045,-2.757,-2.7854,0.0548653810494,-1.48849825522,1.48849825522,-1.51593094575,-1.51593094575,0.0548653810494,0.11346072603,0.170191089045,-0.170191089045,0.11346072603,0.11346072603,0.11346072603,150.000012018,-149.999997669,-66.0223364111,-28.0000009904,10.8619796505,0.355145942407,124.182537
78,1.213999986,2,937999963,-0.3625,-1.6463,1.9338,-1.182,-1.7083,0.0847,-3.1421,-2.3246,2.9796,2.9828,-3.1416,3.0961,0.058552743103,-1.48296721214,1.48296721214,-1.51224358369,-1.51224358369,0.058552743103,0.116984481182,0.175476721774,-0.175476721774,0.116984481182,0.116984481182,0.116984481182,149.999832614,149.999928858,-149.999990878,-28.0000000469,14.6695749988,-0.442038702681,89.428743
79,1.246000051,2,970000028,-0.4158,-1.738,2.0157,-1.1977,-1.6901,0.1843,1.1385,-3.0008,1.5397,-3.0711,3.0291,3.0644,0.062351444069,-1.47726916069,1.47726916069,-1.50844488273,-1.50844488273,0.062351444069,0.120418340346,0.180627510519,-0.180627510519,0.120418340346,0.120418340346,0.120418340346,149.999991434,149.999993368,-149.999995424,-5.25342993482,1.64490554238,-0.518455145198,161.139426
80,1.309999942,3,33999919,-0.2214,-1.7638,1.8914,-1.3833,-1.4903,0.0633,3.1416,2.4533,-3.1021,-2.9337,3.1304,-3.1416,0.0702707325449,-1.46539022798,1.46539022798,-1.50052559425,-1.50052559425,0.0702707325449,0.126991833315,0.190487749973,-0.190487749973,0.126991833315,0.126991833315,0.126991833315,-150.000117301,-150.000083135,95.8917387576,27.99998609,-12.3760305785,0.470144337142,82.791316
81,1.338000059,3,62000036,-0.1333,-1.6793,1.8049,-1.4701,-1.4103,-0.0247,2.9751,3.0285,-2.9714,-3.1026,3.1358,-3.1416,0.0738651193463,-1.45999864778,1.45999864778,-1.49693120745,-1.49693120745,0.0738651193463,0.129734956195,0.194602434293,-0.194602434293,0.129734956195,0.129734956195,0.129734956195,-150.000003533,-149.999967977,79.1788590514,27.9999867193,-12.9328718853,0.52199053377,33.336924
82,1.342000007,3,65999984,-0.1207,-1.6669,1.7927,-1.4825,-1.3997,-0.0372,2.9767,3.0282,-2.9619,-3.1027,3.1362,-3.1416,0.0743848228466,-1.45921909252,1.45921909252,-1.49641150395,-1.49641150395,0.0743848228466,0.130119878312,0.195179817468,-0.195179817468,0.130119878312,0.130119878312,0.130119878312,-149.999954568,-149.999964887,78.3522417461,27.9999908442,-13.0126846929,0.529460832354,18.886669
83,1.344000101,3,68000078,-0.1144,-1.6607,1.7867,-1.4888,-1.3944,-0.0435,2.9761,3.0287,-2.9572,-3.1052,3.1363,-3.1416,0.0746452667276,-1.4588284267,1.4588284267,-1.49615106007,-1.49615106007,0.0746452667276,0.130311688578,0.195467532867,-0.195467532867,0.130311688578,0.130311688578,0.130311688578,-149.999953575,-149.999965249,77.8823636959,27.9999886308,-13.0520773428,0.533223048299,15.745475
84,1.355999946,3,79999923,-0.0797,-1.6257,1.7523,-1.5117,-1.3744,-0.0638,2.0755,2.3827,-2.5077,1.8358,-1.5689,2.7867,0.0762158514359,-1.45647254964,1.45647254964,-1.49458047536,-1.49458047536,0.0762158514359,0.1314531281,0.19717969215,-0.19717969215,0.1314531281,0.1314531281,0.1314531281,-150.000109627,-150.000036536,106.088473867,4.40870342739,-3.41204450157,-0.200902962333,38.953351
85,1.374000072,3,98000049,-0.0844,-1.614,1.7508,-1.4552,-1.4231,-0.0078,-2.1333,-0.7329,1.9924,3.1215,-2.7059,3.0789,0.0785972149357,-1.45290050439,1.45290050439,-1.49219911186,-1.49219911186,0.0785972149357,0.133134800547,0.199702200821,-0.199702200821,0.133134800547,0.133134800547,0.133134800547,149.999923122,149.999958125,-149.999958269,-28.0000000463,11.5415939854,-0.378031153874,34.708906
86,1.375999927,3,99999904,-0.0897,-1.6161,1.7558,-1.449,-1.4285,-0.0016,-2.6126,-1.0764,2.5049,3.1211,-2.7082,3.0758,0.0788636498396,-1.45250085204,1.45250085204,-1.49193267696,-1.49193267696,0.0788636498396,0.133319344179,0.199979016269,-0.199979016269,0.133319344179,0.133319344179,0.133319344179,149.99988562,149.999888831,-149.999893617,-28.0000001317,11.5558985863,-0.381043629362,28.898523
87,1.390000105,3,114000082,-0.1326,-1.6397,1.7967,-1.4088,-1.468,0.031,-2.5038,-1.5325,2.4552,1.6179,-1.2992,-0.7931,0.0807391233466,-1.44968764177,1.44968764177,-1.49005720345,-1.49005720345,0.0807391233466,0.13459821709,0.201897325634,-0.201897325634,0.13459821709,0.13459821709,0.13459821709,149.999974627,149.99982441,-149.999990423,-27.5817222531,8.96858824741,0.0963251803872,18.809334
88,1.404000043,3,128000020,-0.1389,-1.6381,1.8019,-1.4406,-1.4365,-0.0122,1.1482,1.3916,-1.4628,-3.0199,2.5616,-3.0428,0.0826323073331,-1.4468478658,1.4468478658,-1.48816401946,-1.48816401946,0.0826323073331,0.135853948497,0.203780922746,-0.203780922746,0.135853948497,0.135853948497,0.135853948497,-13.713987284,-114.946176182,-54.2730424842,13.4693014988,-6.43158089214,0.464285091716,6.603548
89,1.406000137,3,130000114,-0.1355,-1.6345,1.7977,-1.4467,-1.4314,-0.0184,1.6679,1.8209,-2.1066,-3.0222,2.5689,-3.0439,0.0829042055771,-1.44644001843,1.44644001843,-1.48789212122,-1.48789212122,0.0829042055771,0.13603143672,0.204047155079,-0.204047155079,0.13603143672,0.13603143672,0.13603143672,-118.404133231,-149.99996641,40.8397785365,25.0325222448,-10.3636492855,0.503886996489,4.699957
90,1.407999992,3,131999969,-0.1312,-1.63,1.7922,-1.4528,-1.4262,-0.0246,2.1733,2.2434,-2.7462,-3.057,2.6086,-3.0425,0.0831764257792,-1.44603168813,1.44603168813,-1.48761990102,-1.48761990102,0.0831764257792,0.136208422474,0.204312633711,-0.204312633711,0.136208422474,0.136208422474,0.136208422474,-149.999997455,-149.999999032,74.2900754337,27.99999965,-11.5882021434,0.517706310798,156.065283
91,1.460000038,3,184000015,-0.1279,-1.5973,1.7654,-1.3659,-1.5018,0.0717,-2.8744,-2.2491,2.9402,2.9976,-3.1415,3.1416,0.0903758882431,-1.43523249443,1.43523249443,-1.48042043855,-1.48042043855,0.0903758882431,0.140637719577,0.210956579365,-0.210956579365,0.140637719577,0.140637719577,0.140637719577,149.999954868,149.999981822,-149.999996717,-28.000000004,13.2268149754,-0.421700339139,92.499476
92,1.487999916,3,211999893,-0.216,-1.6788,1.8511,-1.2789,-1.5898,0.1596,-2.9761,-3.0404,3.0106,3.0698,-3.1416,3.1416,0.0943453669654,-1.42927827635,1.42927827635,-1.47645095983,-1.47645095983,0.0943453669654,0.14288076733,0.214321150996,-0.214321150996,0.14288076733,0.14288076733,0.14288076733,149.999982985,149.999979549,-149.999995955,-28.000000004,14.0076870064,-0.469032892127,99.388960
93,1.522000074,3,246000051,-0.2414,-1.7279,1.8857,-1.2864,-1.5804,0.137,3.0563,1.519,-2.9172,-2.7686,3.134,-3.1416,0.099247717028,-1.42192475125,1.42192475125,-1.47154860977,-1.47154860977,0.099247717028,0.145465695109,0.218198542663,-0.218198542663,0.145465695109,0.145465695109,0.145465695109,-149.999945561,14.2626798773,101.520985447,24.8477166443,-10.2003882177,0.438764041407,49.374344
94,1.53399992,3,257999897,-0.2037,-1.7023,1.8484,-1.3219,-1.5427,0.0993,2.9785,2.5009,-3.0896,-2.933,3.139,-3.1416,0.100998553322,-1.41929849681,1.41929849681,-1.46979777347,-1.46979777347,0.100998553322,0.146340828002,0.219511242003,-0.219511242003,0.146340828002,0.146340828002,0.146340828002,-150.000007349,-150.000006364,100.172159591,28.000006956,-11.5931103291,0.471249585825,19.574798
95,1.538000106,3,262000083,-0.1911,-1.6914,1.8359,-1.334,-1.5301,0.0868,3.1416,2.7173,-3.1,-2.9843,3.1349,-3.1413,0.101584519321,-1.41841954781,1.41841954781,-1.46921180747,-1.46921180747,0.101584519321,0.146628182678,0.219942274017,-0.219942274017,0.146628182678,0.146628182678,0.146628182678,-149.999994269,-149.999998076,97.923888125,27.9999999379,-11.6599824353,0.478632983185,74.256251
96,1.565999984,3,289999961,-0.159,-1.6378,1.792,-1.3096,-1.5473,0.1157,-1.9686,-0.1789,1.5622,3.092,-2.6793,3.016,0.105717636443,-1.41221987213,1.41221987213,-1.46507869035,-1.46507869035,0.105717636443,0.148577594036,0.222866391054,-0.222866391054,0.148577594036,0.148577594036,0.148577594036,149.999990274,149.999997167,-142.163738553,-27.9999936928,12.8601275406,-0.42144198028,155.629034
97,1.630000114,3,354000091,-0.3589,-1.792,1.9848,-1.1127,-1.7464,0.3161,-3.0017,-3.0326,3.023,3.0836,-3.1416,3.1416,0.115358997487,-1.39775783056,1.39775783056,-1.45543732931,-1.45543732931,0.115358997487,0.152616180778,0.228924271168,-0.228924271168,0.152616180778,0.152616180778,0.152616180778,149.999989769,149.999992366,-150.000000098,-28.0000000007,15.5841307619,-0.544079288804,147.225185
98,1.671999931,3,395999908,-0.3482,-1.8239,2.0022,-1.1423,-1.7096,0.267,2.7474,2.2499,-3.0891,-2.7606,3.1388,-3.1387,0.121818593952,-1.38806843587,1.38806843587,-1.44897773284,-1.44897773284,0.121818593952,0.154941283553,0.23241192533,-0.23241192533,0.154941283553,0.154941283553,0.154941283553,-106.475802096,-14.5098792662,2.70401285724,10.331010674,-7.09842893134,0.363323317059,22.174275
99,1.687999963,3,411999940,-0.2979,-1.7778,1.9521,-1.191,-1.6596,0.2168,2.9227,3.0377,-3.0663,-3.1121,3.1291,-3.1416,0.124304241419,-1.38433996467,1.38433996467,-1.44649208538,-1.44649208538,0.124304241419,0.155757583345,0.233636375017,-0.233636375017,0.155757583345,0.155757583345,0.155757583345,-149.999970873,-149.999978072,25.9374522247,18.0830380153,-9.80025380245,0.415236373849,4.748560
100,1.690000057,3,414000034,-0.2915,-1.7716,1.9458,-1.1973,-1.6533,0.2105,2.9483,3.0351,-3.064,-3.1102,3.1288,-3.1416,0.124615870651,-1.38387252082,1.38387252082,-1.44618045614,-1.44618045614,0.124615870651,0.155856901563,0.233785352344,-0.233785352344,0.155856901563,0.155856901563,0.155856901563,-149.999853649,-149.999950301,31.2393883299,18.8767309778,-9.88597069002,0.419356379304,10.657185
101,1.694000005,3,417999982,-0.2789,-1.7592,1.9333,-1.2098,-1.6408,0.1979,2.9584,3.0314,-3.0656,-3.1059,3.1306,-3.1416,0.125239684562,-1.38293679995,1.38293679995,-1.44555664223,-1.44555664223,0.125239684562,0.15605370351,0.234080555265,-0.234080555265,0.15605370351,0.15605370351,0.15605370351,-149.999866777,-149.999944107,42.4564215372,20.5301213287,-10.0677537358,0.427622435027,12.384652
102,1.696000099,3,420000076,-0.2726,-1.753,1.9271,-1.2161,-1.6345,0.1916,2.9547,3.0306,-3.067,-3.1043,3.131,-3.1416,0.125551904238,-1.38246847044,1.38246847044,-1.44524442256,-1.44524442256,0.125551904238,0.156151197838,0.234226796757,-0.234226796757,0.156151197838,0.156151197838,0.156151197838,-149.999877825,-149.999930542,48.1301389096,21.3691940994,-10.1589642252,0.431760235074,8.280221
103,1.697999954,3,421999931,-0.2663,-1.7468,1.9208,-1.2224,-1.6283,0.1854,2.9538,3.0305,-3.0688,-3.0983,3.1313,-3.1416,0.12586428096,-1.38199990535,1.38199990535,-1.44493204583,-1.44493204583,0.12586428096,0.156248071434,0.234372107151,-0.234372107151,0.156248071434,0.156248071434,0.156248071434,-149.999873843,-149.99992835,53.9080277261,22.1937088112,-10.2494345784,0.435846543765,8.428920
104,1.700000047,3,424000024,-0.26,-1.7406,1.9145,-1.2286,-1.622,0.1791,2.9627,3.0317,-3.07,-3.0973,3.1316,-3.1416,0.126176888016,-1.38153099477,1.38153099477,-1.44461943878,-1.44461943878,0.126176888016,0.15634434681,0.234516520216,-0.234516520216,0.15634434681,0.15634434681,0.15634434681,-149.999864925,-149.99993618,59.7319193134,23.0516646756,-10.3407373103,0.439994938137,9.456240
105,1.702000141,3,426000118,-0.2544,-1.7347,1.9083,-1.232,-1.6191,0.1781,2.6167,2.9551,-3.1187,-1.6654,1.454,-0.5168,0.126489687177,-1.38106179603,1.38106179603,-1.44430663962,-1.44430663962,0.126489687177,0.156440011858,0.234660017787,-0.234660017787,0.156440011858,0.156440011858,0.156440011858,-149.380597286,-150.000009784,48.5171135742,13.0224880182,-6.70973981894,0.106970595608,32.484237
106,1.713999986,3,437999963,-0.2462,-1.7122,1.8801,-1.2029,-1.6438,0.2134,-0.7451,1.0148,-1.43,3.0898,-2.5282,2.9853,0.128370331723,-1.37824082921,1.37824082921,-1.44242599507,-1.44242599507,0.128370331723,0.157001118663,0.235501677995,-0.235501677995,0.157001118663,0.157001118663,0.157001118663,149.999994665,149.999996955,-47.6622441198,-27.9999978629,13.1740963783,-0.453515797672,153.570896
107,1.758000135,3,482000112,-0.3765,-1.7893,1.9646,-1.0713,-1.776,0.3506,-2.9287,-3.03,2.9297,3.0801,-3.1416,3.1416,0.135320586296,-1.36781544735,1.36781544735,-1.4354757405,-1.4354757405,0.135320586296,0.158868440986,0.238302661479,-0.238302661479,0.158868440986,0.158868440986,0.158868440986,149.999982564,149.999990457,-149.999999336,-28.0000000015,16.0604930765,-0.550883865795,122.625011
108,1.805999994,3,529999971,-0.3518,-1.8252,2.0321,-1.1245,-1.72,0.2814,2.6503,2.2178,-0.8735,-2.5262,3.1416,-3.1323,0.142988300786,-1.35631387562,1.35631387562,-1.42780802601,-1.42780802601,0.142988300786,0.160560014706,0.240840022059,-0.240840022059,0.160560014706,0.160560014706,0.160560014706,-63.6268684957,127.787191491,-149.999992093,-9.64557178517,-3.62365166878,0.338588358472,142.979035
109,1.854000091,3,578000068,-0.2008,-1.6785,1.9056,-1.2699,-1.57,0.1308,2.9712,3.029,-3.08,-3.0978,3.1348,-3.1416,0.150728480456,-1.34470360611,1.34470360611,-1.42006784634,-1.42006784634,0.150728480456,0.161885355016,0.242828032524,-0.242828032524,0.161885355016,0.161885355016,0.161885355016,-150.000049139,-150.000011219,53.6619348777,24.2253906358,-10.5171695739,0.482776226561,102.284312
110,1.885999918,3,609999895,-0.1193,-1.5792,1.8058,-1.3701,-1.5571,0.1435,1.4706,3.0784,-3.0794,-3.1416,-2.9231,2.9828,0.155920068953,-1.33691622337,1.33691622337,-1.41487625784,-1.41487625784,0.155920068953,0.162563110308,0.243844665462,-0.243844665462,0.162563110308,0.162563110308,0.162563110308,5.70343703475,-150.000000985,68.325158933,27.9999999703,6.60121725677,-0.329018284951,72.683024
111,1.917999982,3,641999959,-0.139,-1.5119,1.7402,-1.3559,-1.6515,0.2414,-3.1417,0.212,0.3677,3.0739,-3.1416,3.1278,0.161130732286,-1.32910022837,1.32910022837,-1.40966559451,-1.40966559451,0.161130732286,0.163074973534,0.244612460301,-0.244612460301,0.163074973534,0.163074973534,0.163074973534,150.000000394,149.999996705,-129.042571119,-27.9999961796,15.2688974566,-0.470091429947,159.068432
112,1.970000028,3,694000005,-0.3022,-1.6122,1.8786,-1.1941,-1.5836,0.1731,-3.1169,-3.1071,3.0285,3.1383,2.7071,-2.8476,0.169624927519,-1.31635893552,1.31635893552,-1.40117139928,-1.40117139928,0.169624927519,0.163550994718,0.245326492076,-0.245326492076,0.163550994718,0.163550994718,0.163550994718,150.000007868,150.000013704,-150.00000763,-28.0000000582,2.34241015797,0.321249633197,18.413786
113,1.982000112,3,706000089,-0.3396,-1.6497,1.9151,-1.1564,-1.5495,0.139,-3.1049,-3.1077,3.02,3.1375,2.7624,-2.8501,0.171587859449,-1.31341453762,1.31341453762,-1.39920846735,-1.39920846735,0.171587859449,0.16359811159,0.245397167385,-0.245397167385,0.16359811159,0.16359811159,0.16359811159,149.999948276,149.999825976,-149.999961009,-28.000000099,1.90573652079,0.342075646156,55.858895
114,1.987999916,3,711999893,-0.3513,-1.6638,1.9286,-1.1583,-1.5347,0.1206,-1.3504,-1.9504,1.8595,-2.0285,2.4693,-2.9521,0.172569463171,-1.31194213204,1.31194213204,-1.39822686362,-1.39822686362,0.172569463171,0.163612836449,0.245419254674,-0.245419254674,0.163612836449,0.163612836449,0.163612836449,150.000122197,149.999909839,-149.999907775,-8.9102596486,2.46345958392,0.368945272217,14.931558
115,1.996000051,3,720000028,-0.35,-1.6712,1.9331,-1.1814,-1.5185,0.1023,1.0991,-0.2687,-0.3351,-2.8782,0.7258,0.0995,0.17387843682,-1.30997867156,1.30997867156,-1.39691788997,-1.39691788997,0.17387843682,0.163623308414,0.24543496262,-0.24543496262,0.163623308414,0.163623308414,0.163623308414,150.000172056,150.0000446,-150.000042124,-4.81833123587,6.18427965804,-0.00658438031032,82.992785
116,2.019999981,3,743999958,-0.2791,-1.6287,1.8692,-1.25,-1.5203,0.1656,2.9717,2.7545,-3.075,-2.8194,3.1416,2.45,0.177805196279,-1.30408853238,1.30408853238,-1.39299113052,-1.39299113052,0.177805196279,0.163591894149,0.245387841224,-0.245387841224,0.163591894149,0.163591894149,0.163591894149,-149.999991272,-149.999995037,33.6207470904,20.3419953574,-10.6203894046,-0.246678505237,153.797938
117,2.078000068,3,802000045,-0.0964,-1.4495,1.6934,-1.4302,-1.3411,0.3032,3.0778,3.044,-2.9224,-3.1372,3.1378,1.9351,0.187282720954,-1.28987224536,1.28987224536,-1.38351360584,-1.38351360584,0.187282720954,0.163127248958,0.244690873437,-0.244690873437,0.163127248958,0.163127248958,0.163127248958,-149.999912077,-149.999963724,56.194196376,27.9999916592,-12.2374619379,-0.257767695031,155.532235
118,2.130000114,3,854000091,-0.0658,-1.3953,1.6636,-1.3549,-1.413,0.212,-3.0938,-1.8147,3.0068,3.1268,-3.1098,-2.91,0.195744306014,-1.27717986777,1.27717986777,-1.37505202078,-1.37505202078,0.195744306014,0.162244907745,0.243367361617,-0.243367361617,0.162244907745,0.162244907745,0.162244907745,149.999984019,149.999989339,-149.999989447,-28.0000000017,13.475147463,0.342884582173,87.765628
119,2.16199994,3,885999917,-0.1665,-1.4787,1.7593,-1.2555,-1.5135,0.1263,-3.1424,-3.0867,2.9725,3.091,-3.1416,-2.466,0.200924389294,-1.26940974285,1.26940974285,-1.3698719375,-1.3698719375,0.200924389294,0.161484580229,0.242226870343,-0.242226870343,0.161484580229,0.161484580229,0.161484580229,149.999994686,149.999978136,-149.999997634,-28.0000000016,14.4397864601,0.341308856716,68.226379
120,2.176000118,3,900000095,-0.21,-1.5215,1.8003,-1.2142,-1.5511,0.0963,-2.6372,-2.6811,2.4403,1.8634,0.0193,0.5618,0.20318254814,-1.26602250459,1.26602250459,-1.36761377866,-1.36761377866,0.20318254814,0.161100208421,0.241650312632,-0.241650312632,0.161100208421,0.161100208421,0.161100208421,150.000139975,150.000029236,-150.000039359,-27.9999999787,8.13802745152,-0.0436794215613,14.732698
121,2.184000015,3,907999992,-0.2221,-1.5353,1.8098,-1.2241,-1.5285,0.1186,-0.7946,-1.1199,0.401,-2.9786,2.843,2.7947,0.204470405209,-1.26409071898,1.26409071898,-1.36632592159,-1.36632592159,0.204470405209,0.160866501356,0.241299752034,-0.241299752034,0.160866501356,0.160866501356,0.160866501356,150.000067624,149.999974296,-150.000006614,-1.94888778491,2.00052689443,-0.355553565499,25.652504
122,2.200000047,3,924000024,-0.2017,-1.5249,1.7763,-1.2722,-1.4813,0.1633,2.5907,1.728,-3.12,-3.0482,3.102,2.7534,0.207040344554,-1.26023580996,1.26023580996,-1.36375598224,-1.36375598224,0.207040344554,0.160368485966,0.240552728949,-0.240552728949,0.160368485966,0.160368485966,0.160368485966,-147.184266494,-82.1965118518,82.0781222085,27.9999969099,-10.4143298331,-0.269767702315,40.257316
123,2.206000089,3,930000066,-0.1831,-1.5122,1.7575,-1.2904,-1.4625,0.1786,3.0721,2.2357,-3.0738,-2.9382,3.1369,2.1861,0.208001973327,-1.2587933668,1.2587933668,-1.36279435347,-1.36279435347,0.208001973327,0.16017124337,0.240256865055,-0.240256865055,0.16017124337,0.16017124337,0.16017124337,-150.000041379,-150.000002369,77.3187034564,28.0000073888,-11.1081054932,-0.200852798237,100.225366
124,2.237999916,3,961999893,-0.1222,-1.4441,1.6942,-1.2733,-1.4756,0.1139,-0.3985,0.7259,0.652,3.1254,-3.1183,-2.9082,0.213109487979,-1.25113209483,1.25113209483,-1.35768683882,-1.35768683882,0.213109487979,0.159023256472,0.238534884708,-0.238534884708,0.159023256472,0.159023256472,0.159023256472,149.999993143,149.999991746,-137.780753192,-27.9999911195,14.3532629541,0.413029837975,159.841640
125,2.302000045,4,26000022,-0.3036,-1.551,1.876,-1.0761,-1.6764,-0.0559,-2.9813,-3.0344,2.9636,3.091,-3.1416,-2.4404,0.223201569282,-1.23599397287,1.23599397287,-1.34759475751,-1.34759475751,0.223201569282,0.156248071483,0.234372107224,-0.234372107224,0.156248071483,0.156248071483,0.156248071483,149.999996422,149.999993621,-149.999998836,-28.0000000011,16.0875541444,0.461691488664,156.388608
126,2.352000236,4,76000213,-0.2856,-1.5674,1.8622,-1.1307,-1.6103,0.0121,3.0681,2.7329,-3.1051,-2.8812,3.1409,2.4783,0.230950486551,-1.22437059697,1.22437059697,-1.33984584024,-1.33984584024,0.230950486551,0.153644731785,0.230467097678,-0.230467097678,0.153644731785,0.153644731785,0.153644731785,-130.85176501,-149.999995669,-14.2406426374,13.2529474838,-8.39471809499,-0.135153973564,51.672251
127,2.366000175,4,90000152,-0.2415,-1.5246,1.8182,-1.1741,-1.5663,0.0481,3.0326,3.0458,-3.0862,-3.1213,3.1348,2.453,0.233095966177,-1.22115237753,1.22115237753,-1.33770036062,-1.33770036062,0.233095966177,0.152848864778,0.229273297167,-0.229273297167,0.152848864778,0.152848864778,0.152848864778,-149.999964526,-149.999982193,38.4512951664,22.1757164774,-9.66716481136,-0.144417912467,118.817082
128,2.407999992,4,131999969,-0.1879,-1.4454,1.7162,-1.1375,-1.6055,0.0095,-1.6082,-0.0998,-0.8097,3.1029,-3.0821,-2.815,0.239462734335,-1.21160222529,1.21160222529,-1.33133359246,-1.33133359246,0.239462734335,0.15028919381,0.225433790715,-0.225433790715,0.15028919381,0.15028919381,0.15028919381,149.999994194,149.999997666,-76.8526496038,-28.0000002377,15.2562623599,0.483054590217,158.044468
129,2.461999893,4,185999870,-0.3515,-1.5703,1.8142,-0.9704,-1.7747,-0.1322,-3.0453,-3.0903,2.8831,3.1058,-3.1416,-2.4667,0.247481330931,-1.1995743304,1.1995743304,-1.32331499586,-1.32331499586,0.247481330931,0.14662818275,0.219942274124,-0.219942274124,0.14662818275,0.14662818275,0.14662818275,149.999977772,149.999969971,-149.999985794,-28.0000000082,17.1852064392,0.525567012149,81.909260
130,2.493999958,4,217999935,-0.394,-1.6323,1.8716,-0.9796,-1.7626,-0.1104,2.2194,0.4281,-0.6937,-2.8856,2.5916,2.8325,0.252136057515,-1.19259224052,1.19259224052,-1.31866026928,-1.31866026928,0.252136057515,0.144268498874,0.216402748311,-0.216402748311,0.144268498874,0.144268498874,0.144268498874,150.000121263,149.999966069,-149.999958576,-8.34901890148,5.2819339821,-0.192734296984,42.570370
131,2.501999855,4,225999832,-0.3697,-1.6223,1.8584,-1.0023,-1.7391,-0.0889,2.8254,1.5915,-2.0941,-2.659,3.1397,2.3661,0.25328775055,-1.19086470097,1.19086470097,-1.31750857625,-1.31750857625,0.25328775055,0.143657046219,0.215485569329,-0.215485569329,0.143657046219,0.143657046219,0.143657046219,6.39010422267,96.4926232138,-149.99998729,-9.59228503323,-0.534300052478,-0.105889831412,8.281238
132,2.507999897,4,231999874,-0.3508,-1.6095,1.8421,-1.0192,-1.7204,-0.0732,2.9537,2.365,-2.9671,-2.7934,3.1296,2.5239,0.254148308707,-1.18957386373,1.18957386373,-1.31664801809,-1.31664801809,0.254148308707,0.143192870832,0.214789306248,-0.214789306248,0.143192870832,0.143192870832,0.143192870832,-19.3811881242,-85.3645721817,-45.0959311123,6.0468435654,-3.30025311157,-0.111242001019,4.690997
133,2.510000228,4,234000205,-0.3445,-1.6045,1.836,-1.0248,-1.7141,-0.0681,3.1416,2.5118,-3.0602,-2.7848,3.1302,2.49,0.2544345861,-1.18914444764,1.18914444764,-1.31636174069,-1.31636174069,0.2544345861,0.143037063987,0.21455559598,-0.21455559598,0.143037063987,0.143037063987,0.143037063987,-63.7067748594,-119.218708079,-34.3093963197,7.7254833575,-4.9273470756,-0.0953644741691,1.213646
134,2.512000084,4,236000061,-0.3382,-1.5991,1.8297,-1.0306,-1.7078,-0.0629,3.1416,2.641,-3.0917,-2.8596,3.1322,2.4907,0.254720483433,-1.18871560164,1.18871560164,-1.31607584336,-1.31607584336,0.254720483433,0.14288076733,0.214321150996,-0.214321150996,0.14288076733,0.14288076733,0.14288076733,-65.6293642873,-149.999995654,-28.6147240089,9.36488038684,-5.28224476511,-0.0957766559942,4.790369
135,2.513999939,4,237999916,-0.3319,-1.5935,1.8235,-1.0366,-1.7015,-0.0578,3.1416,2.7725,-3.1076,-2.9259,3.1335,2.4874,0.255006067527,-1.1882872255,1.1882872255,-1.31579025927,-1.31579025927,0.255006067527,0.14272394501,0.214085917515,-0.214085917515,0.14272394501,0.14272394501,0.14272394501,-72.3498793189,-149.999991623,-18.9226944988,11.0602436315,-5.59874426804,-0.095940482384,14.819105
136,2.524000167,4,248000144,-0.3011,-1.5634,1.7923,-1.0658,-1.6729,-0.0712,2.8183,2.9752,-3.0885,-2.5955,1.9702,-3.0833,0.256429390117,-1.18615224162,1.18615224162,-1.31436693668,-1.31436693668,0.256429390117,0.141931906559,0.212897859839,-0.212897859839,0.141931906559,0.141931906559,0.141931906559,-31.8534234455,-150.000007683,12.1420632123,13.5957475614,-2.38787268041,0.628535928997,67.328888
137,2.536000251,4,260000228,-0.276,-1.5341,1.7558,-1.0557,-1.6935,-0.1054,1.543,2.0096,-2.9685,3.1085,-2.9633,-2.8409,0.258126798053,-1.18360612972,1.18360612972,-1.31266952874,-1.31266952874,0.258126798053,0.140964336088,0.211446504132,-0.211446504132,0.140964336088,0.140964336088,0.140964336088,150.000009049,-54.2993882444,-36.4774271229,-28.0000006916,14.5948207712,0.58039799071,106.371949
138,2.573999881,4,297999858,-0.2875,-1.5346,1.7196,-0.9381,-1.8054,-0.0616,-1.7116,-1.9139,1.1967,3.0926,-2.8958,2.9632,0.263423456025,-1.17566114276,1.17566114276,-1.30737287077,-1.30737287077,0.263423456025,0.137779571527,0.206669357291,-0.206669357291,0.137779571527,0.137779571527,0.137779571527,149.999994474,149.999995275,-129.339874028,-28.0000000951,17.0849616683,-0.209051284635,157.219003
139,2.622000217,4,346000194,-0.3107,-1.6646,1.8161,-0.9894,-1.7423,0.0859,3.1416,-2.2863,1.0813,-2.9418,3.1404,2.9156,0.269935396924,-1.16589323141,1.16589323141,-1.30086092987,-1.30086092987,0.269935396924,0.133503424607,0.20025513691,-0.20025513691,0.133503424607,0.133503424607,0.133503424607,146.67462555,149.999994761,-149.999996593,-5.91869296073,3.98287572187,-0.311525965393,156.341812
140,2.68599987,4,409999847,-0.1092,-1.6562,1.6963,-1.1758,-1.542,-0.0249,3.1416,2.6909,-3.0834,-2.9803,3.1393,-3.1403,0.278286331992,-1.15336682881,1.15336682881,-1.2925099948,-1.2925099948,0.278286331992,0.127388860353,0.19108329053,-0.19108329053,0.127388860353,0.127388860353,0.127388860353,-150.000000193,-64.3978528975,65.7576013296,24.5681801562,-9.11017158578,0.642630862649,36.550177
141,2.688000202,4,412000179,-0.1029,-1.6504,1.69,-1.182,-1.5357,-0.0312,3.1256,2.8226,-3.0936,-3.0035,3.1366,-3.1399,0.278540953717,-1.15298489622,1.15298489622,-1.29225537308,-1.29225537308,0.278540953717,0.127190534305,0.190785801457,-0.190785801457,0.127190534305,0.127190534305,0.127190534305,-150.000020249,-112.462121485,63.4893034866,25.1734468603,-9.45971938261,0.649064764439,22.706584
142,2.699999809,4,423999786,-0.0651,-1.6134,1.6527,-1.2195,-1.4981,-0.0689,3.0165,3.0255,-2.9763,-3.1225,3.1386,-3.1416,0.280060014205,-1.15070630549,1.15070630549,-1.29073631259,-1.29073631259,0.280060014205,0.125991997229,0.188987995843,-0.188987995843,0.125991997229,0.125991997229,0.125991997229,-149.999995745,-149.999986373,69.1926719208,27.9999996539,-10.0757555234,0.674170179649,58.034254
143,2.717999935,4,441999912,-0.0471,-1.5775,1.6231,-1.1749,-1.532,-0.0163,-0.6658,0.971,0.007,3.1337,-2.7969,3.0999,0.282311503924,-1.14732907091,1.14732907091,-1.28848482287,-1.28848482287,0.282311503924,0.124166271375,0.186249407062,-0.186249407062,0.124166271375,0.124166271375,0.124166271375,149.999989744,149.999998284,-106.921554214,-27.9999975432,14.5545631451,-0.247908223913,114.116984
144,2.751999855,4,475999832,-0.1417,-1.6079,1.7078,-1.07,-1.6348,0.0902,-3.142,-1.9197,2.9539,2.9925,-3.1416,3.1416,0.286473346759,-1.14108630666,1.14108630666,-1.28432298004,-1.28432298004,0.286473346759,0.120629838478,0.180944757717,-0.180944757717,0.120629838478,0.120629838478,0.120629838478,149.999998567,150.000114311,-150.000031387,-28.0000005326,16.2501161019,-0.313300133808,101.978950
145,2.789999961,4,513999938,-0.1659,-1.6359,1.7411,-1.0969,-1.6081,0.0641,3.1288,2.169,-2.951,-2.8653,3.1363,-3.1403,0.290980168145,-1.13432607458,1.13432607458,-1.27981615865,-1.27981615865,0.290980168145,0.11654880484,0.17482320726,-0.17482320726,0.11654880484,0.11654880484,0.11654880484,-149.999899648,50.6802699779,12.7884617516,14.4369119988,-7.2922075159,0.587348905636,159.563721
146,2.846000194,4,570000171,0.0106,-1.4673,1.5673,-1.2711,-1.4322,-0.1118,3.1048,3.0416,-3.0296,-3.1393,3.1376,-3.1416,0.297333398871,-1.12479622849,1.12479622849,-1.27346292792,-1.27346292792,0.297333398871,0.11030875518,0.16546313277,-0.16546313277,0.11030875518,0.11030875518,0.11030875518,-149.999968729,-149.999960763,64.8697889326,27.9999939064,-10.4505014112,0.706101131004,38.211646
147,2.860000133,4,584000110,0.0543,-1.4239,1.5241,-1.312,-1.3908,-0.1476,2.7711,3.0331,-3.0732,-1.5374,1.8491,0.93,0.298866542005,-1.12249651379,1.12249651379,-1.27192978479,-1.27192978479,0.298866542005,0.10871021867,0.163065328004,-0.163065328004,0.10871021867,0.10871021867,0.10871021867,-150.000123067,-150.000010911,132.55333063,28.0000089841,-8.52476201097,0.2095330392,28.546286
148,2.878000259,4,602000236,0.0814,-1.3745,1.4781,-1.2657,-1.4298,-0.0919,0.3591,1.9938,-1.1934,3.1051,-2.6562,3.0878,0.300804688313,-1.11958929433,1.11958929433,-1.26999163848,-1.26999163848,0.300804688313,0.106634032286,0.15995104843,-0.15995104843,0.106634032286,0.106634032286,0.106634032286,149.999978245,-150.000005558,-107.305854202,-27.9999981794,11.6871115472,-0.177899746147,62.210903
149,2.894000053,4,618000030,0.0655,-1.3643,1.4968,-1.2158,-1.4722,-0.0424,-2.0369,-0.3777,2.9159,3.1086,-2.8181,3.1176,0.302495919832,-1.11705244705,1.11705244705,-1.26830040696,-1.26830040696,0.302495919832,0.104769758568,0.157154637852,-0.157154637852,0.104769758568,0.104769758568,0.104769758568,149.999997493,149.999997819,-149.999996136,-28.0000000002,14.4150064427,-0.229163740125,80.452956
150,2.918000221,4,642000198,0.0029,-1.3861,1.5623,-1.2027,-1.4811,-0.0109,-1.7567,-0.9566,1.8705,-3.0306,3.0588,-3.1114,0.304976552147,-1.11333149857,1.11333149857,-1.26581977465,-1.26581977465,0.304976552147,0.101942116568,0.152913174852,-0.152913174852,0.101942116568,0.101942116568,0.101942116568,150.000009857,149.999981459,-149.999997406,0.749182649674,1.99287833002,0.536049688102,58.275497
151,2.941999912,4,665999889,0.0019,-1.391,1.5532,-1.2767,-1.4099,-0.0859,1.6619,1.3605,-3.0215,-3.1283,3.0541,-3.1169,0.307388851013,-1.10971305028,1.10971305028,-1.26340747578,-1.26340747578,0.307388851013,0.0990798589791,0.148619788469,-0.148619788469,0.0990798589791,0.0990798589791,0.0990798589791,-61.2217191679,-12.335315595,73.1914725693,27.999986108,-7.0555848854,0.660524784869,163.849878
152,3.001999855,4,725999832,0.1831,-1.2221,1.3808,-1.4557,-1.2284,0.0177,3.1418,3.0404,-2.6338,-2.5032,3.1416,2.9475,0.313115899622,-1.10112247736,1.10112247736,-1.25768042717,-1.25768042717,0.313115899622,0.0917933466681,0.137690020002,-0.137690020002,0.0917933466681,0.0917933466681,0.0917933466681,-149.999974894,-149.999992068,71.8151638218,27.9999993618,-12.1763738937,-0.154842342653,89.730569
153,3.032000064,4,756000041,0.2673,-1.1387,1.3188,-1.43,-1.2267,0.1101,2.1567,2.1414,-0.3552,3.1371,-3.0592,3.1169,0.315814285016,-1.09707489927,1.09707489927,-1.25498204178,-1.25498204178,0.315814285016,0.0880922557117,0.132138383567,-0.132138383567,0.0880922557117,0.0880922557117,0.0880922557117,-150.000085422,-150.00004819,-139.565176608,-27.9998920451,2.43463033075,-0.218854626102,13.802526
154,3.038000106,4,762000083,0.2791,-1.1271,1.3208,-1.4111,-1.2451,0.1289,1.8717,1.8164,0.671,3.135,-3.0619,3.1193,0.316340610839,-1.09628541054,1.09628541054,-1.25445571596,-1.25445571596,0.316340610839,0.0873482642068,0.13102239631,-0.13102239631,0.0873482642068,0.0873482642068,0.0873482642068,-150.000026627,-149.9999397,-150.000061713,-27.999999987,2.64672377372,-0.230313409166,17.001151
155,3.039999961,4,763999938,0.2827,-1.1237,1.3228,-1.4048,-1.2512,0.1351,1.7798,1.7105,1.0122,3.1353,-3.0609,3.119,0.316515046509,-1.09602375703,1.09602375703,-1.25428128029,-1.25428128029,0.316515046509,0.0871000328443,0.130650049266,-0.130650049266,0.0871000328443,0.0871000328443,0.0871000328443,-150.000017089,-150.000007797,-149.999982956,-27.9999999994,2.69211144307,-0.233770318415,44.134980
156,3.0539999,4,777999877,0.2996,-1.1083,1.356,-1.3708,-1.2834,0.1382,0.7188,0.8139,2.7105,-0.2271,-0.4602,-3.1105,0.317722260781,-1.09421293562,1.09421293562,-1.25307406601,-1.25307406601,0.317722260781,0.0853589497563,0.128038424634,-0.128038424634,0.0853589497563,0.0853589497563,0.0853589497563,-47.7375994916,95.9979761846,-149.999976474,-11.347921572,1.95332347751,0.519231159305,76.224644
157,3.076000213,4,800000190,0.2969,-1.0889,1.3822,-1.4363,-1.2222,0.0697,-0.7781,0.9836,-0.3649,-3.0726,3.0434,-3.1104,0.319569993359,-1.09144133676,1.09144133676,-1.25122633344,-1.25122633344,0.319569993359,0.0826123784622,0.123918567693,-0.123918567693,0.0826123784622,0.0826123784622,0.0826123784622,149.999995656,-150.0000006,-118.093342208,13.0821114714,-2.20244915584,0.509432596805,156.313843
158,3.133999824,4,857999801,0.1988,-0.9718,1.222,-1.6171,-1.0673,0.1585,-2.0273,3.0036,-3.1189,-3.1416,2.7563,3.0901,0.324150488152,-1.08457059457,1.08457059457,-1.24664583864,-1.24664583864,0.324150488152,0.0753290616124,0.112993592419,-0.112993592419,0.0753290616124,0.0753290616124,0.0753290616124,150.000036875,-149.999990402,55.8777667783,27.99999649,-4.15154579482,-0.334976586728,147.596794
159,3.18200016,4,906000137,0.1348,-0.8513,1.0739,-1.5762,-1.1101,0.3089,-0.1821,1.8227,-3.0227,2.521,-2.6383,3.1407,0.327621226891,-1.07936448646,1.07936448646,-1.2431750999,-1.2431750999,0.327621226891,0.0692844052218,0.103926607833,-0.103926607833,0.0692844052218,0.0692844052218,0.0692844052218,137.973094332,-149.999996325,150.000012185,12.7351511222,6.91505296356,-0.398139151355,83.387646
160,3.205999851,4,929999828,0.1446,-0.8218,1.0168,-1.5078,-1.1721,0.33,0.8315,0.1521,-0.2944,3.0584,-2.4996,-3.0932,0.32924780887,-1.07692461349,1.07692461349,-1.24154851792,-1.24154851792,0.32924780887,0.0662669259867,0.09940038898,-0.09940038898,0.0662669259867,0.0662669259867,0.0662669259867,6.32350722638,-149.999893894,42.9153771799,-3.96956044604,4.14405226117,0.425106256582,26.963098
161,3.21999979,4,943999767,0.1603,-0.8336,1.0422,-1.4644,-1.2026,0.2864,1.3321,-1.4197,2.9685,3.0945,-0.4033,-3.0906,0.330163242344,-1.07555146328,1.07555146328,-1.24063308445,-1.24063308445,0.330163242344,0.0645104078049,0.0967656117073,-0.0967656117073,0.0645104078049,0.0645104078049,0.0645104078049,-77.9357619893,149.99999869,-149.999998871,-27.9999992871,0.764431328458,0.435420895064,108.787196
162,3.257999897,4,981999874,0.2328,-0.9055,1.1493,-1.3501,-1.0897,0.3103,2.1067,-2.3608,2.6797,2.6049,2.965,3.0354,0.332524347029,-1.07200980625,1.07200980625,-1.23827197977,-1.23827197977,0.332524347029,0.0597638717286,0.0896458075929,-0.0896458075929,0.0597638717286,0.0597638717286,0.0597638717286,-150.00003263,149.999992955,-149.999996528,-28.0000000179,-9.48433474275,-0.367169973386,123.330114
163,3.294000148,5,18000125,0.313,-0.9517,1.1546,-1.3672,-1.0742,0.4197,2.1063,0.8054,-3.1064,-3.06,0.1906,3.0145,0.33459550793,-1.0689030649,1.0689030649,-1.23620081886,-1.23620081886,0.33459550793,0.055307637798,0.082961456697,-0.082961456697,0.055307637798,0.055307637798,0.055307637798,-150.000010665,-150.000080604,96.3584928953,28.0000287665,-7.34661361691,-0.382519028497,82.067788
164,3.326000213,5,50000190,0.3594,-0.8954,1.0548,-1.4662,-1.1027,0.4054,0.7084,2.4391,-3.1248,-3.1327,-2.7779,-2.8476,0.336302572029,-1.06634246875,1.06634246875,-1.23449375477,-1.23449375477,0.336302572029,0.0513916693794,0.077087504069,-0.077087504069,0.0513916693794,0.0513916693794,0.0513916693794,-149.999982553,-149.9999821,100.384846122,27.9999885569,-0.821759539829,0.39769496049,155.096061
165,3.375999927,5,99999904,0.3137,-0.8547,1.0847,-1.3976,-1.2404,0.2565,-2.4131,-0.8596,3.1011,3.1175,-2.8285,-3.0136,0.338721321087,-1.06271434516,1.06271434516,-1.23207500571,-1.23207500571,0.338721321087,0.0453840030182,0.0680760045273,-0.0680760045273,0.0453840030182,0.0453840030182,0.0453840030182,150.000064339,118.800319713,-150.000009144,-28.0000051357,12.5391946858,0.397783641233,41.797900
166,3.389999866,5,113999843,0.2733,-0.8702,1.1281,-1.3538,-1.2798,0.2201,-3.1416,-1.2655,3.0572,3.0771,-2.977,0.0605,0.339345106058,-1.06177866771,1.06177866771,-1.23145122074,-1.23145122074,0.339345106058,0.043730846515,0.0655962697725,-0.0655962697725,0.043730846515,0.043730846515,0.043730846515,149.999914347,149.999953631,-149.999947454,-28.000008599,13.3446657252,0.0213296704987,92.429784
167,3.421999931,5,145999908,0.1935,-0.8742,1.1422,-1.3345,-1.2694,0.3194,-1.3797,1.9763,-3.1257,-3.1403,2.8991,3.0536,0.340684711119,-1.05976926012,1.05976926012,-1.23011161568,-1.23011161568,0.340684711119,0.0400077782838,0.0600116674258,-0.0600116674258,0.0400077782838,0.0400077782838,0.0400077782838,149.999997504,-150.000004769,111.789128326,28.0000149568,-2.79246843791,-0.413697818413,100.329418
168,3.453999996,5,177999973,0.1811,-0.7859,1.0419,-1.4353,-1.1715,0.4148,0.3897,3.0545,-3.0027,-3.1416,3.1358,2.8996,0.341906532422,-1.05793652816,1.05793652816,-1.22888979437,-1.22888979437,0.341906532422,0.0363712827878,0.0545569241817,-0.0545569241817,0.0363712827878,0.0363712827878,0.0363712827878,-149.999964091,-149.999983238,115.005848452,27.9999845125,-12.8101493414,-0.37285688133,74.934712
169,3.486000061,5,210000038,0.2149,-0.7245,1.0192,-1.4299,-1.134,0.3914,1.5782,0.0742,3.0434,3.089,-2.6123,-3.0851,0.34301352466,-1.0562760398,1.0562760398,-1.22778280213,-1.22778280213,0.34301352466,0.0328329251792,0.0492493877688,-0.0492493877688,0.0328329251792,0.0328329251792,0.0328329251792,-149.019775167,-149.999958703,-149.999998013,-27.5294322996,0.897519394484,0.420812420291,158.425027
170,3.546000003,5,269999980,0.2821,-0.7726,1.2061,-1.242,-1.3016,0.2121,-0.2775,-1.7254,3.128,3.1077,-2.8294,-3.0247,0.344791510575,-1.05360906093,1.05360906093,-1.22600481622,-1.22600481622,0.344791510575,0.026504390684,0.039756586026,-0.039756586026,0.026504390684,0.026504390684,0.026504390684,149.999971083,149.999983591,-149.999986301,-27.9999998171,13.448242978,0.425885607334,108.709997
171,3.582000255,5,306000232,0.2346,-0.8421,1.2752,-1.2588,-1.3288,0.2445,-2.2114,-1.5962,-0.6559,-3.0384,3.0578,3.0967,0.345680736312,-1.05227522233,1.05227522233,-1.22511559048,-1.22511559048,0.345680736312,0.0229261917197,0.0343892875796,-0.0343892875796,0.0229261917197,0.0229261917197,0.0229261917197,150.000036296,150.000013778,-16.6222252342,16.5934341337,0.113754379852,-0.399445428527,47.007913
172,3.592000007,5,315999984,0.2097,-0.8559,1.2569,-1.2892,-1.2978,0.2755,-2.6744,-1.2158,-2.6486,-3.0482,3.0605,3.1029,0.345905172162,-1.05193856855,1.05193856855,-1.22489115463,-1.22489115463,0.345905172162,0.0219645156208,0.0329467734312,-0.0329467734312,0.0219645156208,0.0219645156208,0.0219645156208,149.999996333,110.307347685,110.30687779,27.9999969216,-1.27300681296,-0.409260359396,113.132451
173,3.636000156,5,360000133,0.145,-0.8484,1.1344,-1.2719,-1.2496,0.2206,-0.1712,1.3949,-2.4792,3.0321,-3.0158,-3.0889,0.346781382131,-1.0506242536,1.0506242536,-1.22401494466,-1.22401494466,0.346781382131,0.0179134337852,0.0268701506778,-0.0268701506778,0.0179134337852,0.0179134337852,0.0179134337852,149.999988447,-150.000000874,149.999999978,2.29772468491,9.49219014031,0.465031355764,121.764314
174,3.677999973,5,401999950,0.1856,-0.7593,1.0926,-1.1415,-1.3793,0.0897,1.8892,2.2541,1.5666,3.1299,-3.0663,-3.1211,0.347457710768,-1.04960976064,1.04960976064,-1.22333861603,-1.22333861603,0.347457710768,0.0143437900881,0.0215156851321,-0.0215156851321,0.0143437900881,0.0143437900881,0.0143437900881,-150.000124197,-150.000037435,-94.185110988,-27.9999788789,3.81134813277,0.613900791896,60.561514
175,3.697999954,5,421999931,0.233,-0.7123,1.1451,-1.079,-1.3978,0.0703,2.7595,2.3552,2.7899,3.1055,2.9587,2.7954,0.347728573212,-1.04920346698,1.04920346698,-1.22306775358,-1.22306775358,0.347728573212,0.0127548830938,0.0191323246407,-0.0191323246407,0.0127548830938,0.0127548830938,0.0127548830938,-149.999990065,-149.999997644,-143.567982942,-28.0000001464,-8.42647331246,-0.167649091762,107.528563
176,3.737999916,5,461999893,0.3383,-0.626,1.2233,-1.118,-1.2745,0.1896,1.8044,2.1712,0.3226,-3.0505,3.0191,3.0795,0.348178784681,-1.04852814977,1.04852814977,-1.22261754211,-1.22261754211,0.348178784681,0.00980866940184,0.0147130041028,-0.0147130041028,0.00980866940184,0.00980866940184,0.00980866940184,-150.000037919,-150.000002288,35.9019991273,22.6489734685,-11.0039121612,-0.26533498005,32.178432
177,3.742000103,5,466000080,0.345,-0.6173,1.2236,-1.1302,-1.2621,0.2019,1.6087,2.1624,-0.0376,-3.0508,3.0169,3.0799,0.348217466337,-1.04847012729,1.04847012729,-1.22257886046,-1.22257886046,0.348217466337,0.00953180868043,0.0142977130206,-0.0142977130206,0.00953180868043,0.00953180868043,0.00953180868043,-150.000040739,-149.999998546,79.2329884,27.9999808512,-11.4092159628,-0.270283435083,29.752134
178,3.751999855,5,475999832,0.3582,-0.5958,1.2175,-1.1607,-1.2385,0.2303,1.1739,2.2152,-1.183,-3.0152,-0.4815,1.8888,0.348309377425,-1.04833226066,1.04833226066,-1.22248694937,-1.22248694937,0.348309377425,0.00885438000381,0.0132815700057,-0.0132815700057,0.00885438000381,0.00885438000381,0.00885438000381,-150.000141689,-149.999956373,97.1348598453,27.9998631725,-4.33466138321,-0.117850424876,25.225189
179,3.768000125,5,492000102,0.367,-0.5732,1.2011,-1.1412,-1.2811,0.2044,-0.1852,-0.0275,-0.1438,3.063,-2.5731,-1.0334,0.348442660378,-1.04813233623,1.04813233623,-1.22235366642,-1.22235366642,0.348442660378,0.00781494597699,0.0117224189655,-0.0117224189655,0.00781494597699,0.00781494597699,0.00781494597699,47.4936458077,-149.999987917,-80.6775382664,-27.9999629842,7.47956761073,0.219594145018,60.847366
180,3.782000064,5,506000041,0.357,-0.5884,1.2303,-1.0976,-1.3176,0.1619,-1.0923,-1.6415,3.0961,3.0956,-2.7192,-3.0887,0.348545974718,-1.04797736472,1.04797736472,-1.22225035208,-1.22225035208,0.348545974718,0.00695159492133,0.010427392382,-0.010427392382,0.00695159492133,0.00695159492133,0.00695159492133,149.999870156,1.49418870603,-150.000000893,-27.999978362,12.4059873243,0.471643250705,155.293415
181,3.83799982,5,561999797,0.2787,-0.7057,1.3259,-1.1791,-1.228,0.2453,-0.9773,-2.2974,-0.2941,-2.9928,2.9587,2.9854,0.348847823604,-1.04752459139,1.04752459139,-1.22194850319,-1.22194850319,0.348847823604,0.00395338905497,0.00593008358246,-0.00593008358246,0.00395338905497,0.00395338905497,0.00395338905497,150.000032081,106.989435651,-99.2370024226,5.03344759352,-0.228415089805,-0.390442768171,46.622108
182,3.860000133,5,584000110,0.2655,-0.7503,1.2881,-1.2464,-1.1609,0.3104,-0.0678,-1.4249,-3.1244,-3.1413,3.1104,2.8658,0.348923936065,-1.0474104227,1.0474104227,-1.22187239073,-1.22187239073,0.348923936065,0.00298647268406,0.00447970902609,-0.00447970902609,0.00298647268406,0.00298647268406,0.00298647268406,37.0623888104,-74.9842704437,104.438845077,27.9999750508,-6.9183535994,-0.362074110633,85.050619
183,3.888000011,5,611999988,0.2866,-0.7755,1.202,-1.3341,-1.1142,0.3014,1.484,-0.2619,-2.999,-3.1032,-1.5626,-3.0884,0.348992405771,-1.04730771814,1.04730771814,-1.22180392102,-1.22180392102,0.348992405771,0.00193917559283,0.00290876338925,-0.00290876338925,0.00193917559283,0.00193917559283,0.00193917559283,-150.000007188,-150.000001001,86.9430421796,28.000000982,-3.1741521554,0.485427013443,69.317611
184,3.906000137,5,630000114,0.3215,-0.7739,1.1524,-1.3664,-1.1643,0.2457,2.0669,-0.1551,-2.0011,2.7978,-2.6136,-3.0806,0.349022131119,-1.04726313012,1.04726313012,-1.22177419568,-1.22177419568,0.349022131119,0.0013786296386,0.0020679444579,-0.0020679444579,0.0013786296386,0.0013786296386,0.0013786296386,-150.000113551,-150.000011248,150.000007716,6.11930994584,-0.749954226332,0.524934184302,93.310974
185,3.940000057,5,664000034,0.3754,-0.8399,1.2182,-1.2604,-1.2542,0.2711,0.803,-2.8781,3.1154,3.1115,-2.854,3.0918,0.34905433294,-1.04721482738,1.04721482738,-1.22174199385,-1.22174199385,0.34905433294,0.00057150863048,0.00085726294572,-0.00085726294572,0.00057150863048,0.00057150863048,0.00057150863048,-50.8053840314,149.999976003,-149.999975524,-28.0000025615,7.2231772968,-0.348046263769,64.323845
